review,sentiment
"F1 the movie is absolutely thrilling and visually stunning",positive
"Best racing movie experience with amazing cinematography",positive
"The racing scenes were incredibly realistic and exciting",positive
"A masterpiece for motorsport fans",positive
"Emotionally powerful and beautifully shot",positive
"Outstanding action sequences and great sound design",positive
"One of the best sports movies ever made",positive
"Highly engaging and entertaining from start to finish",positive
"Fantastic storytelling with great speed sequences",positive
"Brilliant visuals and intense racing drama",positive
"The movie was boring and too slow",negative
"Very disappointing execution of the film",negative
"Poor script and weak character development",negative
"Overhyped movie with no real depth",negative
"Felt dragged and uninteresting in many parts",negative
"Not worth the time, very dull experience",negative
"Bad pacing ruined the excitement",negative
"Expected much better from this movie",negative
"Unimpressive and forgettable film",negative
"Lacked emotion and strong storytelling",negative
"It was an average movie overall",neutral
"Neither great nor bad, just okay",neutral
"Decent visuals but average story",neutral
"Watchable but nothing special",neutral
"Had some good and some boring moments",neutral
"Fine for one-time watch",neutral
"Mixed feelings about the movie",neutral
"It was okay but could be better",neutral
"Standard racing movie experience",neutral
"Nothing exceptional in the film",neutral
"F1 movie delivers amazing racing visuals",positive
"Spectacular sound design and racing intensity",positive
"Truly immersive motorsport experience",positive
"Very inspiring and energetic film",positive
"Great direction and thrilling sequences",positive
"Too much hype without strong story",negative
"Film lacked emotional connection",negative
"Not engaging enough for long runtime",negative
"Predictable storyline ruined the fun",negative
"Average attempt at racing drama",negative
"Good but not memorable",neutral
"Some parts were exciting",neutral
"Okay visuals but weak narrative",neutral
"Balanced mix of action and drama",neutral
"Neutral experience overall",neutral
"Excellent racing shots",positive
"Heart-pounding racing sequences",positive
"Beautifully filmed sports drama",positive
"Incredible speed and camera work",positive
"Well executed racing scenes",positive
"Poorly written dialogue",negative
"Uninteresting plot development",negative
"Too many dull moments",negative
"Fails to create excitement",negative
"Below expectations",negative
"Just a normal movie",neutral
"Neither impressive nor bad",neutral
"Simple and average storyline",neutral
"Decent entertainment value",neutral
"Fine but forgettable",neutral
"Great movie for racing lovers",positive
"Superb visual effects and sound",positive
"Very engaging sports storytelling",positive
"High energy and thrilling experience",positive
"Excellent cinematic quality",positive
"Badly executed idea",negative
"Not enjoyable at all",negative
"Poor direction and weak script",negative
"Disappointing overall experience",negative
"Fails to impress audience",negative
"Okay for casual watching",neutral
"Average pacing and storytelling",neutral
"Nothing special to remember",neutral
"Standard movie experience",neutral
"Neither exciting nor boring",neutral
"Fantastic racing sequences",positive
"Great performance and visuals",positive
"Highly entertaining sports film",positive
"Strong visual storytelling",positive
"One of the better racing films",positive
"Boring and repetitive scenes",negative
"Fails to maintain interest",negative
"Weak emotional impact",negative
"Poor character development",negative
"Not worth recommending",negative
"Average watch overall",neutral
"Okay but not impressive",neutral
"Some good moments present",neutral
"Balanced movie experience",neutral
"Nothing extraordinary",neutral
"Excellent racing atmosphere",positive
"Impressive cinematography",positive
"Engaging and thrilling",positive
"Best part is racing scenes",positive
"Very well made sports drama",positive